Accuracy,F1_Score,Precision,Recall,Train Size,Pool size,Selected Indices
0.5934252663224626,0.6100419983702126,0.5852778445994707,0.6369943709909675,15000,29699,[]
0.5938173975557153,0.6113438809330248,0.5852490421455939,0.6398743291006677,15060,29639,"Int64Index([19652, 40272,  4974, 25264, 18963, 23367, 14646, 20197,   821,
            45751,  5588, 16156, 40038, 33163, 26726, 22444, 12352, 11662,
             1643, 30828, 39314, 32405, 19779, 38402, 19016, 49105, 48167,
            23795, 26129, 19409, 44923, 21727, 30713, 27175,  5797, 10696,
            20465,  6463, 25641, 18210, 43988, 43835, 35631, 26858, 19167,
             6120, 35691, 28350, 25903, 30663, 22607,    77, 45661,  5590,
            21220, 18462,  7767,  4937, 40269, 18866],
           dtype='int64')"
0.5968237370106529,0.6148948124102628,0.587708830548926,0.6447178950124361,15120,29579,"Int64Index([34089, 34765, 13164, 26518, 14194, 30192,  7299, 16711, 34253,
            31967, 46306, 28703, 31577, 46650, 39794, 13723,  8929, 22935,
             8775, 41721, 47128, 27676, 41173, 28885,  1877,  9953, 45566,
            26373, 16135, 43817, 33692, 33615, 42087, 14384, 26454, 36453,
             5169, 38648,  4567, 33385, 12783, 21699, 43674,  2291, 23004,
            24501, 10303, 44913, 35695, 47901,  6462, 15310, 37146, 30740,
            36671, 31453, 17461, 49138, 44833,  8756],
           dtype='int64')"
0.5939481079667995,0.6058491403920573,0.5877646479566716,0.6250818169917528,15180,29519,"Int64Index([41023,  8686, 39374, 16796, 12175, 41279,  6949, 25573,  2728,
             8923, 34593,  1302,  9382, 27455,  2652, 29889, 45846,  5023,
            10567, 33803,   154, 29941, 15770, 42020, 27570, 20245, 45741,
            39788, 17671, 46180, 42330,  7468, 28233, 21443, 13632, 13713,
            25707, 40489, 35595, 43582,  7808, 24636, 13490, 39872,   669,
            45012, 27826, 41261, 48743, 22352, 31206, 39127, 14830, 31500,
            30648, 39395, 34438, 40883, 41467, 30863],
           dtype='int64')"
0.5985883275602901,0.6157888152133117,0.5896729363843297,0.6443251734520226,15240,29459,"Int64Index([29830, 18129, 34122, 13283, 30981, 18692, 27181, 46470, 38760,
            19461, 12567, 18363, 31816, 36791,  9207, 20130,  4347, 46625,
            44860,  1191, 31457, 32683, 41524, 39202, 40003, 14448,  1961,
            45208,  5302, 29170, 42341, 47595, 18356,  2956, 10488, 39838,
            10002, 23886, 41696,  3620, 21121, 27015, 47554,   741, 46966,
             2013, 36329, 41386, 20518, 15250, 31684, 35846, 37336, 30692,
            25370,  2329, 28449, 17987,   924, 47056],
           dtype='int64')"
0.5955819881053526,0.6115505335844319,0.5875045229767217,0.6376489069249902,15300,29399,"Int64Index([43233, 40761, 20469, 10907,  8542, 19227, 41245, 38963, 12027,
            45029, 49203, 24025, 27745, 45485,  2892, 46676, 22489, 30920,
             2020, 43690, 22656, 28606, 38614, 37450, 27625, 40605, 46055,
            37964, 29147, 10994, 24344, 15784, 46744,  6831, 15426,  3973,
            21967, 46473, 10619,  9107, 25411, 18935, 27645, 15812,  2856,
            20147, 20118, 19991, 22774, 23244, 17772, 45205, 28571, 49064,
            37713, 46693, 44666, 28031, 35528, 25883],
           dtype='int64')"
0.5977387098882426,0.6139855754154908,0.5893330122802793,0.6407906794082995,15360,29339,"Int64Index([ 7262, 46378, 11364, 24117, 23738,   278, 30063,  3086,  3870,
            44594,  9697, 41347, 25751, 28127, 21393,  6342, 38213, 46600,
             1692, 39820, 33431, 18686, 33469, 46183, 34973, 20296, 29692,
            40189, 48661, 24102, 47785, 15991,  4245, 14990, 33600, 20858,
            40974,  8164, 24478, 26492, 35239, 26167, 16675, 35260, 32362,
            42813, 13610, 36060, 29684, 34342, 36989,  3837,  4732,  6950,
            35568, 42346, 18089,  3789, 48975, 19072],
           dtype='int64')"
0.5988497483824586,0.6152206619859578,0.5902802838926982,0.6423615656499542,15420,29279,"Int64Index([34968, 45022, 10759, 10014, 40861,  1526, 34051, 33501, 15799,
            42921, 12133,  8856, 15758, 18469,  4048, 32186, 13906,  3339,
            49492, 10815, 25431, 40650, 29495, 35064, 15008, 35513, 14592,
            27900, 23957, 28952, 20112, 36228, 27124, 22063,  2131, 21453,
            18821, 32051, 11109, 28684,  2124, 25229,  1561,  1292, 33703,
            22575, 33302, 30580,    55, 16023, 21671,  2362, 35813,  8886,
            46273, 25214, 24806, 17903, 27229, 40830],
           dtype='int64')"
0.5983269067381217,0.6138477004272431,0.5901896822520237,0.639481607540254,15480,29219,"Int64Index([25741, 17278, 42171, 49310, 13587, 10129, 29149, 19026, 18668,
            34157, 40554, 20037,  8040, 36445, 19239, 30476, 31878,  3709,
            46804,  8069, 15046, 15978, 46082,  4640,  1410, 24408, 14638,
            43303, 21563, 40665, 37967, 12362, 34266,  3127,  3289, 40204,
            29445,  6088, 22038, 39336, 17688,  4077,   659,  7113, 26130,
            29732, 39460, 10283,  9152,  9544,  3039, 31760, 35566,  8166,
             5198,  5740,  3104, 29489, 30845, 46494],
           dtype='int64')"
0.5987190379713744,0.61625,0.5896423872742494,0.6453724309464589,15540,29159,"Int64Index([17887, 31193, 45458, 10664, 26974, 22463, 11389, 34226, 40012,
            16247, 42557, 23577, 30301, 35439, 33867,  9348, 28305, 32210,
            35198, 27078, 21027, 41430, 42331, 28501, 48025,  3990, 45481,
            44932, 32495, 43428, 13667, 27263, 36366, 49282, 36455, 39663,
            22061, 44333, 47212, 39863,  6828,  8702, 38689,  2261, 44338,
            19168, 40991, 16279, 41889, 17423, 14785, 41945, 23260,  4897,
            30560, 49287, 23725,  7911, 28372, 25113],
           dtype='int64')"
0.5983269067381217,0.6149605312617467,0.5896912171092155,0.6424924728367587,15600,29099,"Int64Index([14436,  4488,  4022, 37667,  8765, 30123,  9577,  3737, 42367,
            15838, 26778, 21183, 24118, 46581,  8465, 12590,  8741, 29373,
            43562, 27438,  2867, 37095,  7016, 23854, 30611, 16833, 36562,
            39782, 40551, 11439, 12013, 39835, 17870, 28133, 47199, 22110,
              125, 10023,  6910,  9443, 31246, 45415,   266, 31202, 48463,
            28616, 40282,  7161, 36106, 26445, 44617, 26952, 29331, 33451,
            25268, 43296, 45824, 33649, 47652,  8250],
           dtype='int64')"
0.5946016600222208,0.610731095073737,0.5865477338476374,0.6369943709909675,15660,29039,"Int64Index([ 3006, 32458, 32445, 44843,  3793, 12483, 16498, 37834, 19791,
            30950, 23270, 45419,  5955, 44441, 39269, 21664, 19864,  9766,
            22999, 35267, 32972,   155, 47814, 28073, 17993, 12196, 40153,
            43782, 30360, 46879, 26611, 14137, 44551, 21049, 42569, 10359,
            36604, 41172, 49273,  1167, 17679, 33855, 12677,  1742,  7267,
             5499, 29493, 16425,  6692, 35369, 19623, 31761, 27722, 10087,
            11547, 12869, 15440, 17686, 32281, 26335],
           dtype='int64')"
0.5954512776942683,0.6128346259694771,0.5867768595041323,0.6413143081555177,15720,28979,"Int64Index([ 2077,  1411, 20854, 44671, 18591,  1346, 43920, 11359, 41058,
            26644,  4844,  1962, 25745, 23481,  9567, 26909, 28255,  1683,
            13707, 36972, 34660, 10112, 43259, 46369, 46381, 37517, 43475,
            39308, 43177, 34625, 19785, 14268, 41018, 23200,  5417, 26450,
            35318,  3775, 45977, 39849, 33951, 40480, 40218,  8140, 21537,
             8444, 19063, 19724, 48981,  7454, 33680, 41825, 18038,  4444,
            18113, 43973, 23207, 25950, 35172,   851],
           dtype='int64')"
0.5968237370106529,0.6162363919129082,0.587126600284495,0.6483832962429638,15780,28919,"Int64Index([ 1592,   917,  2762, 38146, 25592, 28525, 42311,  1824,  1256,
            11830, 29120,  1790, 27432, 15586, 49009, 16515, 29974, 23846,
            20883, 41565,  6243,  2579, 19444, 20822, 20454,  8246, 28868,
             1080, 39448, 48879, 23250, 33747, 16734, 29353, 20145,  7757,
            43924, 18393, 21482,  9882, 40306,  2748, 44158, 25666,  2460,
            14872,  3091, 44566, 32427, 28282, 45728, 15450, 42235, 36653,
            15730,  7609, 26324,  1657,   959, 29959],
           dtype='int64')"
0.594209528788968,0.6133632231147642,0.584916864608076,0.6447178950124361,15840,28859,"Int64Index([29907, 28267,  6298, 14430,  5861, 28592, 35503, 14717, 28593,
            29286, 32788, 28061, 32361, 21525, 14670, 26503, 31276, 27169,
            17057, 15364, 19479, 47039, 16202, 41288,  4674, 26522, 30898,
            43951, 27490, 12280, 18145, 49139, 39670, 19567, 12130, 19226,
            33606, 33448, 32134, 12466, 17271,  1818, 28567,  9210, 40159,
            38395, 16886, 27914, 36305, 28210,  9924, 25103, 21056, 14588,
            21583,  2119,  7433, 20031,   591, 38875],
           dtype='int64')"
0.5969544474217371,0.6157392983986542,0.5875148632580262,0.6468124100013091,15900,28799,"Int64Index([48966,  1605, 12982, 43087,  7822, 29084, 39125, 21782, 14032,
            31944,  6155, 11217, 12696,  5791, 31291,  9142,   242, 30400,
             7475, 26069, 45108, 31547, 27685, 24745, 18479, 46993, 31065,
            34437, 12396, 38757, 16265, 40743, 14087, 15796, 36433, 21151,
              597,  1856, 31194, 22054,  6475,  7504, 34361, 38913,  9754,
            34887,  4146, 18655, 27660, 47397, 48708, 48787, 33193, 13695,
            49170, 19096, 29012, 26896, 42023, 43413],
           dtype='int64')"
0.5978040650937847,0.6140240842950326,0.5894039735099338,0.6407906794082995,15960,28739,"Int64Index([15200, 30114, 41689,  2176, 11856, 23637, 35252,  5146,  5492,
            40493, 31837, 21208, 29886, 45373, 46669,  4203, 11788,  8808,
            34356, 24702, 28579, 43487, 41883, 19140, 46507, 37860, 38002,
            44936, 12417, 24602, 20832, 28649,  8464, 19190,  5303, 24358,
             8407, 33485, 42089, 44756,  7732, 42626, 17038, 32455,  8840,
            43679, 40498,  4425, 20033, 38602, 29481, 43673, 46511, 15289,
            14447, 18679, 35373, 43981, 41401, 39392],
           dtype='int64')"
0.5982615515325795,0.6156924038762113,0.5892771661081857,0.6445869878256316,16020,28679,"Int64Index([39493,  2981, 28366,  6080, 44071, 45833, 20872, 48007, 39316,
            34698, 49047, 25289, 20545, 25158, 10446, 18404, 45097, 44339,
             2202, 41995, 15864, 13644, 46480, 35886, 37867, 27395, 14844,
            23018, 10091, 22819, 33588,  9094, 16442, 39832, 32631, 10609,
            12281, 17094,   177, 18091, 34464, 44067, 15710,  7915, 24491,
               84, 40824,  2336, 20568,  3221, 49266,  4889, 22077, 39306,
              406, 32178, 12325, 47275, 43429, 18386],
           dtype='int64')"
0.5913992549506568,0.6106613525968364,0.5823732034683454,0.6418379369027359,16080,28619,"Int64Index([36789,  2578, 12101, 19155, 47071, 30116,  6589, 20490, 21881,
            49263, 28745,  8510, 20230, 27486,  4037, 11910, 10954, 38099,
            17239,  9829, 34652, 49123, 40663, 30066, 25414, 44152, 14726,
            44319,  5573, 18408, 18373,  7710, 22159, 17753,  7420, 20830,
            21397, 41470, 29942, 20381,  3092, 43810, 20174,   279, 46053,
            10667,  9267,   887,   438, 26878,  7135, 46490, 46637, 19418,
            42829, 29346, 13065,  7140, 49488, 27827],
           dtype='int64')"
0.5991111692046271,0.6165770721340168,0.5900227299916257,0.6456342453200681,16140,28559,"Int64Index([17117, 28741, 27302,  9742,  7253,  7525, 20029, 40015, 38944,
            28898, 14243, 29753,  8298, 49256,  8284, 32354, 44041,   608,
            46352,  4620, 47355, 12636, 25427, 30181,  7447, 30209, 18871,
            31017, 43667, 31902,  5777, 45634, 34829, 30490, 14321, 32199,
            36114, 32302, 30818, 37725, 28238,  4951, 28441, 33435, 23815,
            37578,  3122, 31744, 32657, 16701,  1385, 21697, 25856,  1958,
            18594, 40418, 17690, 49303, 48895, 34532],
           dtype='int64')"
0.598522972354748,0.6163741959657779,0.5893240983998089,0.6460269668804818,16200,28499,"Int64Index([28511, 32272, 31100, 13193, 20272, 30971, 26526,  5531, 14746,
            36409, 20372,  5559, 33694, 36398, 27096, 46446, 46862,  2058,
             3992, 29449,   271, 23039, 13884,   567,  8660, 10086, 32642,
            44991, 31383, 36890, 22408,    79, 21479, 16510, 33161, 49486,
            15549, 21207, 10482, 42984,  5809,  2386, 19649,  2356,  7170,
            29797, 18047, 28657, 27417, 25055, 48868, 36581, 44941, 35815,
            47483, 22451, 45632, 39943, 36894, 44502],
           dtype='int64')"
0.594732370433305,0.6134762824908059,0.5855544978581628,0.6441942662652179,16260,28439,"Int64Index([42577, 23341, 31196, 28241, 37208,  2304, 44563, 48644, 28212,
              288, 45991, 40176, 47477,  4729, 20595, 30641, 22267, 45095,
            37887, 25737, 49013, 10200, 19978, 10737,  4143, 30816,  4088,
             6706,  4197,  1079, 25420, 33152, 13573, 15327, 33528, 14238,
            24099,  4268, 48137, 34800,  2880,  8059, 33042, 36164, 35329,
            36287, 37070, 10654, 34941,  7375, 19773, 28572, 44298,  5426,
            43688, 26009, 38203, 46767, 19434, 32587],
           dtype='int64')"
0.5970198026272793,0.61370755544418,0.5884897272618046,0.6411834009687132,16320,28379,"Int64Index([ 6281, 17205, 21379, 36085,  4225, 28387,  7917, 40329, 13825,
            13615, 37757, 44027, 24858,  7709,   803,  6188, 20790, 16278,
            17419,  1564, 35586, 42379, 14775, 20188, 35386, 40867, 33481,
             9284,  4278, 39396, 48480, 18086, 16586,  2538, 35479, 43101,
            18828,  6865, 35842, 11323, 25393,  9652, 45688, 38811, 30938,
            45605, 18103, 38581,  8265, 12936, 38987, 29740, 26371, 34192,
            20755,  3993, 23092, 41627, 39560, 25538],
           dtype='int64')"
0.5981961963270375,0.6164212627901173,0.5888663726308261,0.6466815028145045,16380,28319,"Int64Index([ 4188, 30228, 49460, 19430, 18810, 25172,  5631, 30992, 35630,
            33864, 42250, 48970, 25288, 29788, 25345, 31779, 21242,  1049,
            42549, 37473, 18069, 13942, 31240, 18421,  3087, 18329, 23150,
            14991, 12142,  8794,  7957, 19082, 41878, 10376, 48251, 30789,
            17091, 17181,  5093, 47858, 39263, 16988, 40481,  3657, 17092,
             4701, 33706, 24594, 10282,  7859,  3524, 40114, 19088, 17163,
            14331, 33097, 44280, 37011, 27885, 23258],
           dtype='int64')"
0.5950591464610157,0.6151074667660579,0.5852937699491666,0.6481214818693546,16440,28259,"Int64Index([22086,  3572, 11302, 15198, 33888, 41463, 43020, 16563, 26502,
            49099,  1948, 49212, 30910, 43395,  5251, 25388, 36148, 48964,
            30706, 46035,   521,  6280, 34793, 15106, 16506, 32337,  7100,
            43632,  3627, 19640,  8719, 35134, 37947,  3622, 18643,  6062,
             4463, 27376,  7690, 27453,  2569, 30439, 47097, 44021, 25975,
             2842,  3060, 44308,  3076,  8039, 20284, 46904, 47676,  5662,
            48122, 14500,  5117, 29751, 15180, 43645],
           dtype='int64')"
0.6002222076988432,0.6174244793295391,0.5911377245508982,0.6461578740672863,16500,28199,"Int64Index([31319, 14742, 39499, 10219, 23787, 42890, 38644, 26993, 18101,
            47903,  5860, 21495, 20242,  7292, 19736,  5281, 19308,  9194,
            41476, 15869, 39137, 37077, 34928, 48035, 35456, 48083, 15564,
             9347, 44649, 27008,  9727, 30112, 17375, 20887, 29431, 32011,
            39112,  3034,  1799, 10622, 27899, 19901, 26283, 17745, 29387,
            22763,  5115,  4607,  5806, 35896, 18104, 11823, 29957, 17827,
             5618,  7384, 12946, 16718, 32534, 31721],
           dtype='int64')"
